gameid,gamename,nratings,gamerank
13,Catan,71279,251
822,Carcassonne,70895,130
30549,Pandemic,66881,64
36218,Dominion,58707,59
68448,7 Wonders,55341,37
9209,Ticket to Ride,50968,110
31260,Agricola,50229,15
3076,Puerto Rico,49692,12
40692,Small World,45543,162
2651,Power Grid,43799,23
70323,King of Tokyo,39195,196
478,Citadels,39132,296
129622,Love Letter,38391,179
14996,Ticket to Ride: Europe,37944,85
28143,Race for the Galaxy,35730,43
178900,Codenames,34348,36
39856,Dixit,33296,169
148228,Splendor,33168,99
34635,Stone Age,32116,72
110327,Lords of Waterdeep,31175,44
15987,Arkham Horror,31015,209
1927,Munchkin,30456,3121
11,Bohnanza,29468,351
65244,Forbidden Island,28690,545
12333,Twilight Struggle,28657,3
50,Lost Cities,27858,284
84876,The Castles of Burgundy,27173,10
41114,The Resistance,27103,147
37111,Battlestar Galactica,26374,54
120677,Terra Mystica,25928,7
98778,Hanabi,25740,247
150376,Dead of Winter: A Crossroads Game,25253,48
173346,7 Wonders Duel,24654,9
40834,Dominion: Intrigue,24025,51
463,Magic: The Gathering,23999,148
10547,Betrayal at House on the Hill,23782,375
181,Risk,22782,13303
131357,Coup,22694,334
18602,Caylus,22461,40
6249,Alhambra,22210,382
163412,Patchwork,21919,46
70919,Takenoko,21794,186
31481,Galaxy Trucker,21742,113
124742,Android: Netrunner,21275,33
72125,Eclipse,21231,24
171,Chess,21133,401
15062,Shadows over Camelot,21057,304
2655,Hive,21036,182
42,Tigris & Euphrates,20850,62
147020,Star Realms,20800,80
54043,Jaipur,20535,94
3955,BANG!,20488,977
161936,Pandemic Legacy: Season 1,20423,1
169786,Scythe,20379,8
1406,Monopoly,20315,14336
39463,Cosmic Encounter,20157,89
320,Scrabble,20121,1420
10630,Memoir '44,20073,107
121921,Robinson Crusoe: Adventures on the Cursed Island,19971,28
35677,Le Havre,19825,31
18,RoboRally,19809,312
133473,Sushi Go!,19724,313
96848,Mage Knight Board Game,19449,16
157354,Five Tribes,19282,47
8217,San Juan,19218,201
103343,A Game of Thrones: The Board Game (Second Edition),19193,75
126163,Tzolk'in: The Mayan Calendar,19142,32
93,El Grande,19020,50
102794,Caverna: The Cave Farmers,18401,11
146021,Eldritch Horror,17877,42
103885,Star Wars: X-Wing Miniatures Game,17825,52
9220,Saboteur,17514,805
2453,Blokus,17503,489
128882,The Resistance: Avalon,17374,73
157969,Sheriff of Nottingham,17179,203
122522,Smash Up,17127,578
143884,Machi Koro,16850,677
172,For Sale,16512,243
170216,Blood Rage,16362,17
16992,Tsuro,16298,740
100423,Elder Sign,16262,442
136063,Forbidden Desert,16161,234
132531,Roll for the Galaxy,16061,49
116,Guillotine,15916,968
12,Ra,15870,125
8203,"Hey, That's My Fish!",15830,627
123260,Suburbia,15805,82
12493,Twilight Imperium (Third Edition),15723,41
27162,Kingsburg,15721,245
25613,Through the Ages: A Story of Civilization,15699,18
5,Acquire,15643,185
104162,Descent: Journeys in the Dark (Second Edition),15637,67
77423,The Lord of the Rings: The Card Game,15598,95
21790,Thurn and Taxis,15473,326
50381,Cards Against Humanity,15322,1996
167791,Terraforming Mars,15281,6
12942,No Thanks!,15236,388
74,Apples to Apples,15016,2825
37046,Ghost Stories,14862,173
108745,Seasons,14782,137
100901,Flash Point: Fire Rescue,14669,238
155426,Castles of Mad King Ludwig,14629,68
104006,Village,14563,103
2653,Survive: Escape from Atlantis!,14533,204
181304,Mysterium,14520,132
5782,Coloretto,14256,459
54,Tikal,14217,195
107529,Kingdom Builder,13974,427
148949,Istanbul,13965,87
2223,UNO,13885,14227
129437,Legendary: A Marvel Deck Building Game,13660,108
153938,Camel Up,13604,358
154203,Imperial Settlers,13559,109
158899,Colt Express,13488,277
62219,Dominant Species,13463,45
24480,The Pillars of the Earth,13435,208
555,The Princes of Florence,13357,102
9674,Ingenious,13257,308
1294,Clue,13052,7373
37904,Formula D,12898,410
54998,Cyclades,12838,123
258,Fluxx,12831,5933
2471,Zombies!!!,12684,4058
9217,Saint Petersburg,12673,202
122515,Keyflower,12641,38
760,Battle Line,12623,161
432,6 nimmt!,12548,550
147949,One Night Ultimate Werewolf,12537,219
62871,Zombie Dice,12514,1624
146508,T.I.M.E Stories,12468,35
3,Samurai,12329,158
164153,Star Wars: Imperial Assault,12300,21
29368,Last Night on Earth: The Zombie Game,12286,495
38453,Space Alert,12252,127
21763,Mr. Jack,12209,387
113294,Escape: The Curse of the Temple,12155,376
823,Lord of the Rings,12147,656
73439,Troyes,12040,63
27588,Zooloretto,12008,571
118,Modern Art,11887,218
188,Go,11879,106
123540,Tokaido,11835,416
124361,Concordia,11800,29
77130,Sid Meier's Civilization: The Board Game,11799,151
113924,Zombicide,11784,287
143741,BANG! The Dice Game,11770,440
48726,Alien Frontiers,11748,136
166384,Spyfall,11692,328
91536,Quarriors!,11691,629
43111,Chaos in the Old World,11686,86
124708,Mice and Mystics,11631,171
102652,Sentinels of the Multiverse,11565,239
63888,Innovation,11364,261
278,Catan Card Game,11327,702
28023,Jamaica,11179,394
19857,Glory to Rome,11159,133
45315,Dungeon Lords,11041,159
28720,Brass: Lancashire,11017,30
25669,Qwirkle,11011,618
83330,Mansions of Madness,10950,228
161970,Alchemists,10942,74
215,Tichu,10873,105
43443,Castle Panic,10841,769
438,Scotland Yard,10818,1026
20551,Shogun,10816,112
34219,Biblios,10724,270
503,Through the Desert,10715,422
92828,Dixit Odyssey,10606,145
1917,Stratego,10567,2214
17226,Descent: Journeys in the Dark,10444,242
20100,Wits & Wagers,10410,484
102680,Trajan,10370,61
21241,Neuroshima Hex!,10322,184
171623,The Voyages of Marco Polo,10299,39
187645,Star Wars: Rebellion,10240,5
25554,Notre Dame,10216,187
176494,Isle of Skye: From Chieftain to King,10193,140
37380,Roll Through the Ages: The Bronze Age,10190,536
483,Diplomacy,10138,471
127023,Kemet,10124,69
71721,Space Hulk: Death Angel – The Card Game,10080,502
133038,Pathfinder Adventure Card Game: Rise of the Runelords – Base Set,10074,250
12692,Gloom,10071,1365
25292,Merchants & Marauders,10065,176
164928,Orléans,10058,25
2511,Sherlock Holmes Consulting Detective: The Thames Murders & Other Cases,9964,58
43570,Friday,9962,286
27627,Talisman (Revised 4th Edition),9859,1095
45,Liar's Dice,9823,534
9216,Goa,9815,92
4390,Carcassonne: Hunters and Gatherers,9760,370
144733,Russian Railroads,9683,60
59959,Letters from Whitechapel,9625,164
17133,Railways of the World,9621,84
119890,Agricola: All Creatures Big and Small,9562,157
41,Can't Stop,9497,589
125618,Libertalia,9463,275
6472,A Game of Thrones (first edition),9452,290
160499,King of New York,9334,360
140620,Lewis & Clark,9280,116
66188,Fresco,9227,226
69789,Ascension: Deckbuilding Game,9218,470
2397,Backgammon,9212,1051
97207,Dungeon Petz,9159,121
53953,Thunderstone,9141,488
34119,Tales of the Arabian Nights,9104,289
9609,War of the Ring (first edition),9033,71
22545,Age of Empires III: The Age of Discovery,9021,120
98,Axis & Allies,8973,1161
147151,Concept,8946,516
182028,Through the Ages: A New Story of Civilization,8942,2
93260,Summoner Wars: Master Set,8939,117
19237,Ca$h 'n Gun$,8896,830
43015,Hansa Teutonica,8840,98
25417,BattleLore,8714,222
126042,Nations,8659,81
127398,Legends of Andor,8647,264
31594,In the Year of the Dragon,8577,194
699,HeroQuest,8553,541
42215,Tobago,8551,374
2243,Yahtzee,8543,14244
205059,Mansions of Madness: Second Edition,8527,20
193738,Great Western Trail,8520,14
811,Rummikub,8505,1501
131835,Boss Monster: The Dungeon Building Card Game,8501,1464
90137,Blood Bowl: Team Manager – The Card Game,8434,213
31627,Ticket to Ride: Nordic Countries,8381,104
37759,Diamant,8353,604
20963,Fury of Dracula (second edition),8316,361
8098,Jungle Speed,8278,1005
27833,Steam,8233,93
1198,SET,8226,1164
33160,Endeavor,8158,178
521,Crokinole,8067,66
155362,Ca$h 'n Guns (Second Edition),7953,454
155703,Evolution,7928,300
21348,Ticket to Ride: Märklin,7869,207
30869,Thebes,7863,352
2452,Jenga,7851,10700
70149,Ora et Labora,7810,78
150,PitchCar,7800,307
172225,Exploding Kittens,7742,3986
15363,Nexus Ops,7741,310
68425,Eminent Domain,7694,391
1111,Taboo,7677,1589
205637,Arkham Horror: The Card Game,7676,19
136888,Bruges,7529,172
2921,The Game of Life,7521,14338
46213,Telestrations,7470,199
183394,Viticulture Essential Edition,7460,27
138161,Firefly: The Game,7448,258
97786,Small World Underground,7445,249
39683,At the Gates of Loyang,7438,216
13823,Fairy Tale,7401,704
12002,Jambo,7398,458
5404,Amun-Re,7379,236
25821,The Werewolves of Miller's Hollow,7368,674
66362,Glen More,7357,233
24181,Imperial,7317,124
163967,Tiny Epic Galaxies,7286,221
2987,Pirate's Cove,7260,976
1115,Poker,7221,837
27708,1960: The Making of the President,7220,142
91312,Discworld: Ankh-Morpork,7217,392
27746,Colosseum,7198,339
21523,Runebound (Second Edition),7190,650
173,Formula Dé,7166,542
88,Torres,7164,384
161417,Red7,7164,507
1219,Labyrinth,7163,1394
63628,The Manhattan Project,7149,181
59946,Dungeons & Dragons: Castle Ravenloft Board Game,7131,573
146652,Legendary Encounters: An Alien Deck Building Game,7119,77
22345,Yspahan,7107,409
30380,Cuba,7092,381
97842,Last Will,7092,301
11170,Heroscape Master Set: Rise of the Valkyrie,7050,244
27173,Vikings,6971,291
14105,Commands & Colors: Ancients,6970,83
115746,War of the Ring (Second Edition),6965,13
198773,Codenames: Pictures,6945,167
36946,Red November,6943,1380
891,Cranium,6939,5627
915,Mystery of the Abbey,6912,1036
10,Elfenland,6892,748
2842,TransAmerica,6871,861
4098,Age of Steam,6864,97
127060,Bora Bora,6843,131
21882,Blue Moon City,6817,468
201808,Clank!: A Deck-Building Adventure,6813,55
327,Loopin' Louie,6802,616
13308,Niagara,6771,1044
15818,Pickomino,6749,1041
73761,K2,6746,425
209010,Mechs vs. Minions,6739,22
171668,The Grizzled,6722,278
826,Cartagena,6670,803
194655,Santorini,6666,65
172818,Above and Below,6657,129
59294,Runewars,6656,128
140,Pit,6637,1307
128621,Viticulture,6619,101
150312,Welcome to the Dungeon,6604,751
63268,Spot it!,6554,807
118048,Targi,6541,134
7717,Carcassonne: The Castle,6530,467
139030,Mascarade,6522,833
24068,Shadow Hunters,6519,684
112,Condottiere,6514,765
51,Ricochet Robots,6509,540
1234,Once Upon a Time: The Storytelling Card Game,6471,1210
79828,A Few Acres of Snow,6395,211
66589,Navegador,6394,144
105,Colossal Arena,6389,714
204583,Kingdomino,6389,205
7805,Fearsome Floors,6328,884
394,Kahuna,6322,886
2398,Cribbage,6320,543
475,Taj Mahal,6310,282
143693,Glass Road,6308,192
71,Civilization,6285,197
150658,Pandemic: The Cure,6264,237
24508,Taluva,6249,397
101721,Mage Wars Arena,6230,111
2952,Trivial Pursuit,6227,14269
2381,Scattergories,6219,2073
92415,Skull,6217,463
13004,The Downfall of Pompeii,6185,424
22827,StarCraft: The Board Game,6173,318
133848,Euphoria: Build a Better Dystopia,6168,292
121408,Trains,6162,333
156009,Port Royal,6154,411
31730,Chicago Express,6131,340
2425,Battleship,6127,14327
176396,Quadropolis,6113,220
47,Chinatown,6098,345
138788,Dungeon Roll,6008,1868
54625,Space Hulk (third edition),5999,193
97903,Terror in Meeple City,5998,581
137297,Rise of Augustus,5994,733
8051,Attika,5985,522
176189,Zombicide: Black Plague,5965,100
171131,Captain Sonar,5962,91
3201,Lord of the Rings: The Confrontation,5948,380
55670,Macao,5940,215
590,Mille Bornes,5922,6185
175914,Food Chain Magnate,5922,26
46,Medici,5914,421
1829,Risk 2210 A.D.,5907,983
39938,Carson City,5869,303
192291,Sushi Go Party!,5864,139
156129,Deception: Murder in Hong Kong,5860,175
155987,Abyss,5845,305
40398,Monopoly Deal Card Game,5830,1764
105134,Risk Legacy,5808,198
36932,Claustrophobia,5799,163
172386,Mombasa,5792,57
40628,Finca,5716,501
155068,Arcadia Quest,5696,76
22141,Cleopatra and the Society of Architects,5666,722
1465,Wizard,5649,659
16986,Ubongo,5647,783
90419,Airlines Europe,5629,276
929,The Great Dalmuti,5619,1106
7854,YINSH,5617,126
168435,Between Two Cities,5612,462
27225,Bananagrams,5590,1472
65781,London,5588,235
163968,Elysium,5557,293
15364,Vegas Showdown,5538,378
177736,A Feast for Odin,5522,34
181279,Fury of Dracula (third edition),5512,146
1345,Genoa,5498,457
2083,Checkers,5488,14314
1293,Boggle,5481,1887
105551,Archipelago,5474,256
163602,XCOM: The Board Game,5467,445
85256,Timeline: Inventions,5461,820
257,Kill Doctor Lucky,5452,1984
72287,Mr. Jack Pocket,5450,564
117959,Las Vegas,5443,496
2281,Pictionary,5442,3711
131366,Eight-Minute Empire,5436,919
2389,Othello,5386,2289
110277,Among the Stars,5359,386
40793,Dice Town,5357,698
39953,A Game of Thrones: The Card Game,5351,638
10093,Axis & Allies,5335,979
44163,Power Grid: Factory Manager,5332,632
15512,Diamant,5307,806
141572,Paperback,5303,279
134726,Smash Up: Awesome Level 9000,5295,327
12995,Dungeon Twister,5294,724
146886,La Granja,5280,96
1258,Phase 10,5278,14292
160851,Lanterns: The Harvest Festival,5266,560
58281,Summoner Wars,5222,329
24310,The Red Dragon Inn,5207,1118
5716,Balloon Cup,5190,858
2093,Mahjong,5143,584
29387,Zombie Fluxx,5143,2549
188834,Secret Hitler,5117,217
47185,Warhammer: Invasion,5104,413
96913,Lancaster,5102,225
50750,Belfort,5095,324
128671,Spartacus: A Game of Blood & Treachery,5072,262
9446,Blue Moon,5067,819
13642,Louis XIV,5026,487
148951,Tiny Epic Kingdoms,5022,912
191862,Imhotep,5015,332
38054,Snow Tails,5002,566
162082,Deus,4982,285
144344,Rococo,4970,183
176920,Mission: Red Planet (Second Edition),4939,170
49,Mamma Mia!,4935,1196
770,Loot,4932,1556
2719,Connect Four,4920,14316
42452,Rattus,4902,723
148575,Marvel Dice Masters: Avengers vs. X-Men,4870,362
3699,Killer Bunnies and the Quest for the Magic Carrot,4858,14066
137269,Spyrium,4823,451
39351,Automobile,4809,294
2375,Sequence,4806,3073
122298,Morels,4804,539
131260,Qwixx,4798,661
17329,Animal Upon Animal,4789,690
182874,Grand Austria Hotel,4787,118
526,Abalone,4776,1344
174430,Gloomhaven,4768,4
559,Metro,4735,1411
160477,Onitama,4721,189
30539,Get Bit!,4717,1798
554,La Città,4711,511
20437,Lords of Vegas,4708,331
66356,Dungeons & Dragons: Wrath of Ashardalon Board Game,4697,486
815,Chrononauts,4693,1830
18833,Lord of the Rings: The Confrontation,4690,230
65532,Defenders of the Realm,4680,325
121,Dune,4675,190
10640,Doom: The Boardgame,4670,744
15817,Manila,4665,580
2448,Kalah,4655,3382
12962,Reef Encounter,4644,448
17223,World of Warcraft: The Boardgame,4624,1116
8989,Hansa,4615,663
180974,Potion Explosion,4605,438
712,Blood Bowl (Third Edition),4587,223
33604,Say Anything,4574,746
143519,Quantum,4574,344
2392,Mastermind,4572,13589
1,Die Macher,4566,160
242,Junta,4562,903
171499,Cacao,4549,494
2394,Dominoes,4540,13941
169124,Flick 'em Up!,4537,476
159508,AquaSphere,4534,311
34585,Keltis,4522,1285
624,Quoridor,4513,961
9440,Maharaja: The Game of Palace Building in India,4508,466
176229,Tides of Time,4498,775
904,Dream Factory,4494,531
27364,Caylus Magna Carta,4481,613
21050,Combat Commander: Europe,4478,90
172287,Champions of Midgard,4477,150
120,Hoity Toity,4462,1121
1897,Starfarers of Catan,4458,790
33154,Wasabi!,4445,1127
58421,Egizia,4444,252
714,Talisman,4435,1626
103886,Star Wars: The Card Game,4435,399
4636,Clans,4426,1088
9203,Wings of War: Famous Aces,4416,739
220,High Society,4410,821
8125,Santiago,4396,480
2407,Sorry!,4371,14328
221,Ikusa,4370,645
234,Hannibal: Rome vs. Carthage,4369,114
28,Illuminati:  Deluxe Edition,4365,1284
175155,Forbidden Stars,4349,79
91872,Dungeons & Dragons: The Legend of Drizzt Board Game,4333,419
19600,Antike,4332,512
125153,The Gallerist,4330,70
125678,DC Comics Deck-Building Game,4319,695
183251,Karuba,4307,364
121410,Steam Park,4300,625
71836,Onirim,4279,872
11971,Cockroach Poker,4274,1248
16395,Blokus Duo,4270,729
124,Primordial Soup,4260,617
140933,Blueprints,4253,703
54138,Imperial 2030,4238,155
146278,Tash-Kalar: Arena of Legends,4237,429
43868,The Adventurers: The Temple of Chac,4207,1032
102548,Dungeon Fighter,4206,725
1382,Winner's Circle,4204,649
83195,Ghost Blitz,4199,856
137408,Amerigo,4188,246
172308,Broom Service,4181,402
28259,Cutthroat Caverns,4180,1076
1159,Evo,4171,715
116998,Thunderstone Advance: Towers of Ruin,4170,271
372,Schotten Totten,4169,373
32125,Felix: The Cat in the Sack,4146,1050
66505,The Speicherstadt,4143,556
140934,Arboretum,4138,337
209685,Century: Spice Road,4114,274
40765,Clash of Cultures,4113,177
119,Kingdoms,4104,1004
163,Balderdash,4104,1456
56692,Parade,4103,669
16496,Roma,4097,793
143986,CV,4093,827
2593,Pass the Pigs,4076,14211
155821,Inis,4075,152
25071,Munchkin Cthulhu,4051,1931
1353,Time's Up!,4040,353
91514,Rhino Hero,4029,577
1269,Skip-Bo,4022,14167
159675,Fields of Arle,4020,53
681,Quarto,4017,817
18100,China,4016,583
224,History of the World,4015,554
173090,The Game,4015,885
113997,Tajemnicze Domostwo,4013,355
30957,Tribune: Primus Inter Pares,3993,434
35815,A Touch of Evil: The Supernatural Game,3966,689
94,Union Pacific,3957,433
66056,The Rivals for Catan,3953,590
553,Chez Geek,3951,5189
127024,Room 25,3938,809
5737,Domaine,3930,593
126792,Myrmes,3923,379
128271,Ginkgopolis,3913,298
132,Caesar & Cleopatra,3907,1351
42776,Gears of War: The Board Game,3906,317
494,Ave Caesar,3896,1017
104710,Wiz-War (eighth edition),3892,547
925,Werewolf,3889,1059
124172,Tsuro of the Seas,3881,1094
2338,Starship Catan,3880,757
82222,Xia: Legends of a Drift System,3867,154
36345,Monty Python Fluxx,3866,2494
1041,San Marco,3862,478
155624,Specter Ops,3848,346
194607,Mystic Vale,3845,405
4095,Star Munchkin,3843,2301
12902,Carcassonne: The City,3834,477
146439,BattleLore (Second Edition),3819,122
41002,Vasco da Gama,3802,408
172242,Exploding Kittens: NSFW Deck,3801,2469
43528,World Without End,3790,428
25643,Arkadia,3786,673
27710,Catan Dice Game,3786,5292
156336,Onirim (second edition),3778,437
199,Manhattan,3776,966
155695,Age of War,3763,1432
19100,Hacienda,3750,652
60,Vinci,3746,548
42052,Vinhos,3737,263
112686,Epic Spell Wars of the Battle Wizards: Duel at Mt. Skullzfyre,3728,1170
18258,Mission: Red Planet,3718,685
157526,Viceroy,3707,628
2346,DVONN,3704,322
91,Paths of Glory,3690,88
94362,Rune Age,3689,802
361,Hare & Tortoise,3670,1019
121297,Fleet,3660,644
15,Cosmic Encounter,3655,750
240,Britannia,3650,500
2955,Mexica,3647,498
102104,Star Fluxx,3646,1603
26990,Container,3640,546
25568,Metropolys,3639,588
168584,Love Letter: Batman,3634,406
21441,Mykerinos,3627,738
175117,Celestia,3626,572
103,Titan,3615,741
878,Wyatt Earp,3594,772
21632,To Court the King,3588,1311
34887,Revolution!,3585,937
154246,La Isla,3575,671
152162,Diamonds,3572,621
183840,Oh My Goods!,3544,694
4324,Risk: The Lord of the Rings,3541,3415
34127,Ticket to Ride: The Card Game,3535,1919
2596,Villa Paletti,3528,1297
172081,Burgle Bros.,3527,210
121288,Dixit: Journey,3523,323
88408,Nightfall,3506,1211
22825,Tide of Iron,3494,528
22038,Warrior Knights,3493,788
35570,Tinners' Trail,3493,415
192153,Pandemic: Reign of Cthulhu,3490,315
170,Family Business,3488,2230
421,1830: Railways & Robber Barons,3487,153
31563,Middle-Earth Quest,3484,398
174660,New York 1901,3484,688
6411,Blokus 3D,3475,822
106217,Hawaii,3463,485
24742,Cold War: CIA vs KGB,3459,1037
162007,Steampunk Rally,3453,395
9625,Struggle of Empires,3451,299
1513,The Republic of Rome,3450,309
3685,Hammer of the Scots,3436,272
18866,Shear Panic,3413,1475
169654,Deep Sea Adventure,3411,559
98351,Core Worlds,3409,473
17025,Friday the 13th,3403,1357
70512,Luna,3392,369
4396,Odin's Ravens,3381,1014
39339,Android,3375,942
119432,Snowdonia,3367,320
104363,Rex: Final Days of an Empire,3363,561
1231,Bausack,3362,777
34084,Witch's Brew,3358,624
37628,Haggis,3358,634
528,ZÈRTZ,3357,447
181521,Warhammer Quest: The Adventure Card Game,3354,314
140603,Francis Drake,3349,306
104347,Santiago de Cuba,3343,720
171273,FUSE,3341,524
132372,Guildhall,3338,640
256,Mississippi Queen,3331,1479
37196,Sorry! Sliders,3331,1382
62227,"Labyrinth: The War on Terror, 2001 – ?",3330,273
3307,Wallenstein (first edition),3316,302
167400,Ashes: Rise of the Phoenixborn,3314,335
986,Babel,3312,995
157403,Black Fleet,3308,596
180593,The Bloody Inn,3302,697
2136,Pachisi,3298,14325
65515,Nuns on the Run,3298,1212
192457,Cry Havoc,3289,316
21920,Leonardo da Vinci,3251,906
2163,Space Hulk,3246,396
551,Battle Cry,3231,574
1403,Turn the Tide,3222,876
24417,Factory Fun,3222,798
2386,Chinese Checkers,3220,14276
35497,Fauna,3219,603
145659,Scoville,3216,505
118063,Android: Infiltration,3209,1145
156566,Lords of Xidit,3199,483
52461,Legacy: The Testament of Duke de Crecy,3193,481
142326,Eight-Minute Empire: Legends,3189,600
158275,Marvel Dice Masters: Uncanny X-Men,3185,418
143515,Coal Baron,3177,452
71671,Yggdrasil,3168,609
45986,Stronghold,3149,492
115,I'm the Boss!,3138,869
144592,Bruxelles 1893,3117,241
38159,Ultimate Werewolf: Ultimate Edition,3112,607
481,Carolus Magnus,3107,831
155969,Harbour,3106,1183
4143,Guess Who?,3087,14315
26566,Homesteaders,3085,449
41916,The Magic Labyrinth,3079,815
119591,Rialto,3072,711
491,Web of Power,3069,469
72225,CO₂,3069,497
193037,Dead of Winter: The Long Night,3068,141
137988,Zombicide Season 2: Prison Outbreak,3065,371
15985,Blood Bowl: Living Rulebook,3060,165
4491,Cave Troll,3059,1488
101785,D-Day Dice,3058,811
249,Lifeboats,3057,1139
638,Hera and Zeus,3055,1313
6887,Hearts,3052,1461
106662,Power Grid: The First Sparks,3049,801
55600,Shipyard,3041,404
902,Meuterer,3037,743
177639,Raptor,3036,359
16747,Tumblin-Dice,3035,562
109276,Kanban: Automotive Revolution,3032,200
855,Java,3024,662
29678,Munchkin Quest,3020,3421
340,Frank's Zoo,3014,1124
136991,Loony Quest,3011,608
131646,Merchant of Venus (second edition),3010,515
113401,Timeline: Historical Events,3009,881
163068,Trickerion: Legends of Illusion,3005,180
191977,The Castles of Burgundy: The Card Game,3005,519
243,Advanced Squad Leader,3002,174
198994,Hero Realms,3001,212
19999,Aton,2993,780
6707,Age of Mythology: The Boardgame,2979,2324
19526,Elasund: The First City,2972,1079
175621,Epic Card Game,2972,1264
129948,The Palaces of Carrara,2970,506
119788,Hyperborea,2968,490
106,Mystery Rummy: Jack the Ripper,2954,734
163745,Star Wars: Armada,2953,168
171233,The Big Book of Madness,2953,597
17392,Here I Stand,2952,149
171669,Discoveries,2952,535
161614,Stockpile,2951,288
5048,Candy Land,2948,14342
12477,Bootleggers,2945,1060
163166,One Night Ultimate Werewolf Daybreak,2925,342
158900,Samurai Spirit,2918,925
31497,Oregon,2917,933
1540,BattleTech,2912,813
1117,You're Bluffing!,2911,1176
73171,Earth Reborn,2911,227
3931,Mare Nostrum,2908,1013
151004,Smash Up: Science Fiction Double Feature,2908,436
108784,Ascension: Storm of Souls,2901,474
19777,Indonesia,2899,188
42487,Lost Cities: The Board Game,2898,889
492,Aladdin's Dragons,2894,776
16267,Trans Europa,2887,1112
157809,Nations: The Dice Game,2882,749
199042,Harry Potter: Hogwarts Battle,2878,367
36235,The Duke,2870,348
1339,Dungeon!,2865,3289
71061,DungeonQuest (third edition),2853,1157
166669,San Juan (second edition),2843,281
24800,Conflict of Heroes: Awakening the Bear! – Russia 1941-42,2841,341
30381,Hamburgum,2838,637
148319,Tragedy Looper,2836,464
150999,Valley of the Kings,2833,595
25261,Tannhäuser,2831,1547
4099,Keythedral,2826,619
31105,Archaeology: The Card Game,2823,1049
123096,Space Cadets,2810,1071
79127,Star Trek: Fleet Captains,2808,349
95103,Fortune and Glory: The Cliffhanger Game,2808,692
144553,The Builders: Middle Ages,2805,1316
7,Cathedral,2802,1416
5894,Twister,2801,14319
112138,Krosmaster: Arena,2786,839
95064,Ascension: Return of the Fallen,2781,504
39206,Click Clack Lumberjack,2772,1362
57390,Catacombs,2766,601
17710,Conquest of the Empire,2761,1063
8107,Risk: The Lord of the Rings Trilogy Edition,2760,1655
3284,Star Wars: Epic Duels,2750,855
179572,Dice City,2745,834
40393,FITS,2744,1168
1035,Squad Leader,2736,441
13780,In the Shadow of the Emperor,2733,773
382,Heimlich & Co.,2732,1463
16772,Mall of Horror,2732,1142
12005,Around the World in 80 Days,2727,1233
153065,Linko!,2725,676
149155,Dead Man's Draw,2724,915
15511,Fjords,2719,1046
204027,Cottage Garden,2701,654
38386,A Castle for All Seasons,2700,985
69552,Panic Station,2694,2544
40270,Call of Cthulhu: The Card Game,2692,824
217,A la carte,2689,1381
117915,Yedo,2687,414
5432,Snakes and Ladders,2685,14343
119506,Freedom: The Underground Railroad,2685,297
196340,Yokohama,2679,138
131287,Panamax,2674,443
12495,Fire & Axe: A Viking Saga,2672,708
30645,Tammany Hall,2665,530
29934,Amyitis,2662,742
1042,Dragon's Gold,2660,1410
143185,Smash Up: The Obligatory Cthulhu Set,2652,943
66171,Dragonheart,2651,1220
65901,Age of Industry,2640,407
198928,Pandemic Iberia,2637,115
202408,Adrenaline,2636,517
2181,Bridge,2630,455
43022,Yomi,2624,700
18803,Black Stories,2621,2231
38343,Ad Astra,2619,843
141517,A Study in Emerald,2615,551
1261,Medina,2610,686
634,River Dragons,2605,1471
6351,Gulo Gulo,2602,892
95527,Madeira,2595,295
135382,Shadowrun: Crossfire,2592,569
13551,Oltre Mare,2590,1108
10653,Pirates of the Spanish Main,2581,3200
131325,Timeline: Diversity,2577,927
3737,Operation,2572,14335
128996,1775: Rebellion,2572,224
713,Nuclear War,2567,2134
57925,Havana,2564,859
81453,Famiglia,2559,1341
194879,Not Alone,2559,594
169255,A Game of Thrones: The Card Game (Second Edition),2553,254
875,Roads & Boats,2549,240
987,Kingmaker,2549,1627
134352,Two Rooms and a Boom,2546,716
168,Empire Builder,2537,907
23107,Drakon (third edition),2537,1391
99875,Martian Dice,2534,1737
73369,51st State,2532,853
12194,Munchkin Bites!,2527,2956
25021,Sekigahara: The Unification of Japan,2527,135
129051,Le Havre: The Inland Port,2522,752
37120,Pack & Stack,2520,1509
177524,Ice Cool,2508,845
200147,Kanagawa,2508,544
398,Wildlife Safari,2507,1213
142079,Space Cadets: Dice Duel,2506,862
40760,Alea Iacta Est,2503,1131
196,Kremlin,2501,796
21550,Blokus Trigon,2500,849
11901,Tic-Tac-Toe,2493,14344
154809,Nippon,2485,232
134453,The Little Prince: Make Me a Planet,2484,844
32116,Airships,2476,1519
201,The Rose King,2470,944
339,Quiddler,2470,2767
139976,Cthulhu Wars,2470,206
99975,Timeline: Discoveries,2467,1012
24827,Traders of Osaka,2465,890
10997,Boomtown,2464,1299
85897,Thunderstone: Dragonspire,2461,479
1544,Beyond Balderdash,2460,1027
185343,Anachrony,2459,119
67492,Battles of Westeros,2451,520
230,Merchant of Venus,2443,633
4192,Warhammer,2440,1301
466,Inkognito,2438,1309
17240,That's Life!,2432,1418
17161,Tempus,2431,1392
19841,Pentago,2429,1597
527,GIPF,2427,687
55427,Mr. Jack in New York,2427,555
3633,Sid Meier's Civilization: The Boardgame,2426,11785
125,Money!,2424,1324
90305,Cargo Noir,2424,1453
180511,Shakespeare,2421,417
943,Ligretto,2419,2206
619,The Bottle Imp,2417,1057
145639,Coconuts,2403,718
105037,Tournay,2400,712
228,Lunch Money,2396,8961
142992,Gravwell: Escape from the 9th Dimension,2391,786
46255,Campaign Manager 2008,2381,1140
117985,Star Trek: Catan,2373,760
168679,Flip City,2367,1540
154386,Medieval Academy,2366,730
182631,Star Realms: Colony Wars,2366,191
12761,Ys,2364,836
199561,Sagrada,2360,389
1295,Pente,2359,1337
859,Illuminati,2357,2272
209778,Magic Maze,2357,503
16991,Khet: The Laser Game,2356,1389
65611,Cthulhu Dice,2354,14231
130176,Tales & Games: The Hare & the Tortoise,2351,635
170042,Raiders of the North Sea,2350,265
66587,GOSU,2346,1321
13884,The Scepter of Zavandor,2344,778
42910,Peloponnes,2344,614
120217,City of Horror,2344,1120
472,DungeonQuest,2340,1203
50768,Ninjato,2335,576
108906,Thunder Alley,2327,499
41933,Arctic Scavengers,2324,864
5206,Ogre,2321,916
5576,Dungeoneer: Tomb of the Lich Lord,2316,2461
183880,Risk: Star Wars Edition,2312,655
354,Sticheln,2311,763
123123,BattleCON: Devastation of Indines,2311,166
128667,Samurai Sword,2300,1195
65907,Mystery Express,2297,1343
1515,Upwords,2295,5706
1410,Trouble,2293,14337
128442,Relic,2290,1011
2507,Liberté,2289,643
162,The Awful Green Things From Outer Space,2288,1550
146791,Shadows of Brimstone: City of the Ancients,2288,255
2165,Pokémon Trading Card Game,2287,2437
594,Sleuth,2285,904
7479,WarCraft: The Board Game,2282,2512
3243,Wooly Bully,2281,2442
34194,Aquaretto,2281,787
2569,Pick Picknic,2280,1360
155873,Power Grid Deluxe: Europe/North America,2280,143
520,Axis & Allies: Europe,2275,1632
36553,Time's Up! Title Recall!,2275,266
14808,Marvel Heroes,2270,1698
86955,Munchkin Zombies,2267,2029
13122,Antiquity,2264,229
1502,Hotel Tycoon,2262,14069
111124,Dark Moon,2261,707
205359,Star Wars: Destiny,2260,248
82421,Summoner Wars: Phoenix Elves vs Tundra Orcs,2258,393
21791,Masons,2257,1368
15318,Palazzo,2256,1345
37198,Risk (Revised Edition),2254,2910
23094,Planet Steam,2251,602
31999,TZAAR,2251,321
27356,Portobello Market,2250,1605
908,Tally Ho!,2246,2386
92319,Olympos,2245,810
203993,Lorenzo il Magnifico,2245,259
175199,Mottainai,2244,727
92190,Super Dungeon Explore,2241,972
12891,Friedrich,2237,423
31016,We Didn't Playtest This At All,2233,8074
23686,GiftTRAP,2231,1612
3570,Chicken Cha Cha Cha,2229,1304
265,Intrigue,2228,1716
192458,51st State: Master Set,2217,257
72991,Asara,2216,747
66,Löwenherz,2215,737
715,Escape from Colditz,2213,1379
16933,Super Munchkin,2212,3741
35503,Ra: The Dice Game,2209,1067
33451,The Red Dragon Inn 2,2207,986
180263,The 7th Continent,2207,56
29223,Marrakech,2204,1159
168917,Smash Up: Pretty Pretty Smash Up,2202,521
176734,The Manhattan Project: Energy Empire,2202,214
157789,Pandemic: Contagion,2199,1493
27848,Age of Conan: The Strategy Board Game,2198,1241
159109,XenoShyft: Onslaught,2192,732
70,Big City,2191,921
9028,Tongiaki: Journey into the Unknown,2185,2061
17835,Monsters Menace America,2182,3054
99,Fortress America,2181,1245
55690,Kingdom Death: Monster,2180,156
24773,On the Underground,2179,898
206718,Ethnos,2177,372
125548,Pixel Tactics,2176,768
181530,Runebound (Third Edition),2172,450
151022,Baseball Highlights: 2045,2171,356
153064,Good Cop Bad Cop,2167,1090
39684,Merkator,2163,764
104020,Vanuatu,2163,586
1568,Space Crusade,2161,1015
4174,Lifeboat,2160,1746
38862,Giants,2159,818
156776,"Warhammer 40,000: Conquest",2158,558
128,Take it Easy!,2150,1327
72321,The Networks,2150,567
181810,Kodama: The Tree Spirits,2150,911
91523,Mondo,2146,1348
91873,Strasbourg,2145,651
1301,Netrunner,2143,518
160018,Smash Up: Monster Smash,2136,532
15510,Tower of Babel,2134,1209
194594,Dice Forge,2131,537
17449,Beowulf: The Legend,2130,1708
10383,Risk: Godstorm,2128,2198
16366,Funny Friends,2128,1535
20545,Rory's Story Cubes,2127,1775
147303,Carcassonne: South Seas,2122,706
158339,Lost Legacy: The Starship,2121,1165
18723,"Aye, Dark Overlord! The Red Box",2120,3404
41010,My First Carcassonne,2120,1136
4394,The Settlers of the Stone Age,2119,1361
3439,HeroClix,2118,1681
68182,Isla Dorada,2118,1130
85325,Kolejka,2112,1143
204,Stephenson's Rocket,2109,962
232,Serenissima (first edition),2109,1023
170416,Vast: The Crystal Caverns,2106,514
6068,Queen's Necklace,2104,1595
8190,The Bridges of Shangri-La,2099,1111
3228,Pueblo,2091,964
193558,The Oracle of Delphi,2090,509
82420,Summoner Wars: Guild Dwarves vs Cave Goblins,2089,400
84419,Space Empires: 4X,2085,432
176558,Mafia de Cuba,2079,1204
182134,Evolution: Climate,2078,268
203427,Fabled Fruit,2078,678
98229,Pictomania,2075,552
632,Cloud 9,2074,1569
9027,Oasis,2074,1147
128780,Pax Porfiriana,2073,350
25951,The Castle of the Devil,2070,1588
2582,Catch Phrase!,2064,1941
3837,Rat-a-Tat Cat,2064,2329
191231,Via Nebula,2062,680
55697,Power Struggle,2061,794
145189,Timeline: Music & Cinema,2061,1072
214,Café International,2059,1949
17396,Manoeuvre,2059,592
4218,O Zoo le Mio,2057,1287
122159,Cthulhu Fluxx,2052,2672
141736,Sail to India,2052,1045
1634,Warhammer Quest,2049,611
949,Twixt,2047,1439
180852,Tiny Epic Western,2047,997
2162,"Warhammer 40,000",2046,1874
206941,First Class,2045,390
2679,Mouse Trap,2044,14333
116954,Indigo,2043,1006
54137,Battle Sheep,2042,1173
27976,Heroscape Master Set: Swarm of the Marro,2040,444
160495,ZhanGuo,2038,383
337,Circus Flohcati,2035,1300
160010,Conan,2034,365
1260,Rook,2030,1835
1270,Star Wars Customizable Card Game,2029,1458
90040,Pergamon,2029,900
60435,Rallyman,2024,672
194880,Dream Home,2018,901
6607,Munchkin Fu,2017,3731
917,Rack-O,2011,7089
4471,Fist of Dragonstones,2002,2269
28089,Château Roquefort,2000,1009
151347,Millennium Blades,1996,280
9823,Advanced Squad Leader: Starter Kit #1,1994,366
82168,Escape from the Aliens in Outer Space,1993,967
40354,Maria,1991,231
38996,Washington's War,1989,385
2122,Vampire: The Eternal Struggle,1987,908
34707,The Hanging Gardens,1982,1104
437,Master Labyrinth,1977,1986
154458,Akrotiri,1976,570
3800,Himalaya,1972,825
26,Age of Renaissance,1969,823
168609,"Artifacts, Inc.",1965,953
29937,König von Siam,1963,928
4529,Hellas,1958,2125
8170,Return of the Heroes,1954,1559
176,Give Me the Brain!,1952,3971
16216,Carcassonne: The Discovery,1952,1537
19370,Quelf,1944,14162
122,Quo Vadis?,1941,1619
156689,Legendary: Villains – A Marvel Deck Building Game,1937,412
40237,Long Shot,1930,1201
6795,Battleball,1927,2047
37400,Sushizock im Gockelwok,1924,1586
34615,New World: A Carcassonne Game,1923,1636
174785,Mare Nostrum: Empires,1922,403
73538,Pirate Fluxx,1921,2375
3085,Gang of Four,1919,1434
169426,Roll Player,1917,453
586,Up Front,1914,330
120523,Nothing Personal,1911,709
2795,Car Wars,1908,1950
939,Star Wars: The Queen's Gambit,1906,491
118174,Compounded,1906,1052
38992,Royal Palace,1905,981
8129,Sluff Off!,1901,987
1475,Careers,1900,4801
4249,Trias,1900,1566
37371,Piece o' Cake,1900,1378
7806,King Me!,1899,1816
442,Um Reifenbreite,1897,1048
62222,Commands & Colors: Napoleonics,1887,267
1275,221B Baker Street: The Master Detective Game,1886,3531
37919,Ascending Empires,1883,713
1797,Pay Day,1879,14306
114031,Copycat,1872,1092
139898,Brew Crafters,1871,431
158600,Hanamikoji,1865,472
1608,Ambush!,1863,631
30658,Rise of Empires,1859,785
8045,Princes of the Renaissance,1857,538
15290,R-Eco,1857,1310
107255,Evo (second edition),1855,918
165950,Beasty Bar,1850,1065
113289,Snake Oil,1848,1138
179275,One Deck Dungeon,1847,615
200077,Mint Works,1847,642
35761,Sylla,1845,1129
103185,Walnut Grove,1844,880
111341,The Great Zimbabwe,1841,363
94246,1812: The Invasion of Canada,1840,579
199478,Flamme Rouge,1837,513
155708,Tiny Epic Defenders,1832,1780
162286,Super Motherload,1829,482
22198,Great Wall of China,1828,2091
213893,Yamataï,1826,653
32341,Cockroach Salad,1816,2351
938,Enchanted Forest,1814,5003
6901,Euchre,1811,1198
62220,Urban Sprawl,1811,1141
67239,Catan Histories: Settlers of America – Trails to Rails,1811,1069
179303,Cthulhu Realms,1810,1074
7688,Memory,1808,14303
207336,Honshu,1808,779
32441,Bezzerwizzer,1807,1871
156943,Saint Petersburg (second edition),1806,461
91620,Pastiche,1803,1042
157096,Historia,1802,913
23142,Mag·Blast (Third Edition),1800,2709
40990,Word on the Street,1797,1403
28620,Phoenicia,1796,1433
2944,Halli Galli,1795,4231
189932,Tyrants of the Underdark,1795,319
178336,World's Fair 1893,1791,641
8924,Dancing Eggs,1789,1604
56931,Arena: Roma II,1788,970
700,Battle Masters,1786,2622
2025,Frag,1785,5630
67928,Puzzle Strike,1785,1256
37387,Steel Driver,1781,888
1262,Axis & Allies: Pacific,1778,1518
108044,Nefarious,1776,1739
21954,Perikles,1775,969
6830,Zendo,1774,705
1334,Entdecker: Exploring New Horizons,1772,1490
36522,2 de Mayo,1772,950
32412,Palastgeflüster,1771,1169
75358,Paris Connection,1770,1137
111417,The Great Heartland Hauling Co.,1769,939
5406,New England,1762,1578
7866,10 Days in the USA,1760,1685
172047,The Others,1760,565
592,Spades,1758,1235
7865,10 Days in Africa,1756,1524
22484,Ingenious: Travel Edition,1756,791
31624,League of Six,1756,1098
14254,PitchCar Mini,1755,947
8095,Prophecy,1753,1330
167698,Magic: The Gathering – Arena of the Planeswalkers,1752,1500
21654,Iliad,1751,1534
34599,Toledo,1750,1989
40769,Valdora,1748,1110
156714,Doomtown: Reloaded,1748,758
151007,Pathfinder Adventure Card Game: Skull & Shackles – Base Set,1746,591
181687,The Pursuit of Happiness,1744,679
22,Magic Realm,1741,878
35435,Nefertiti,1739,932
72,Verräter,1736,1229
701,A House Divided,1735,879
91534,Struggle for Catan,1735,2249
635,Formula Motor Racing,1733,1828
152,Mü & More,1731,762
29294,World of Warcraft: The Adventure Game,1731,2570
35052,Axis & Allies Anniversary Edition,1728,745
17053,Sleeping Queens,1724,1895
38531,Powerboats,1724,1215
6752,Attack!,1723,4233
171011,Favor of the Pharaoh,1721,1061
237,Wooden Ships & Iron Men,1718,1010
103092,Helvetia,1718,893
192836,The Colonists,1717,338
85005,The Boss,1714,1056
903,Hamsterrolle,1713,1101
29073,Blockers!,1710,1282
67185,Sobek,1708,1249
9910,Wings of War: Watch Your Back!,1707,1002
10081,Axis & Allies: D-Day,1707,1991
219513,Bärenpark,1706,587
144270,Relic Runners,1701,1332
12589,Razzia!,1698,1125
5895,Hungry Hungry Hippos,1697,14329
19643,World of Warcraft Trading Card Game,1697,1498
102237,Drako,1696,1317
8124,Industria,1694,1648
134253,Hostage Negotiator,1694,808
24703,Heroscape Marvel: The Conflict Begins,1689,1029
75449,Firenze,1689,693
2570,Atlantic Star,1683,1068
174973,Boss Monster 2: The Next Level,1677,1286
9441,Ribbit,1675,1273
183562,Star Wars: X-Wing Miniatures Game – The Force Awakens Core Set,1671,253
443,Code 777,1670,1277
25224,Hermagor,1670,1043
1032,B-17: Queen of the Skies,1666,1156
38194,Cheaty Mages!,1666,1992
46807,Infinite City,1664,2241
9341,Lost Valley,1662,1192
26997,1989: Dawn of Freedom,1660,343
41863,Axis & Allies: 1942,1660,1232
98315,The Adventurers: The Pyramid of Horus,1660,1222
6050,Duel of Ages Set 1: Worldspanner,1657,1600
164265,Witness,1653,636
29972,El Capitán,1649,1148
403,Elk Fest,1645,2380
45134,Arcana,1645,2455
23730,Gheos,1644,1576
127997,Qin,1642,1191
148261,SeaFall,1640,1370
4040,Tri-Ominos,1638,14177
5867,10 Days in Europe,1638,1507
883,Ivanhoe,1633,1558
31920,Munchkin Booty,1630,2355
38863,Hab & Gut,1623,914
380,Polarity,1621,1875
12004,Candamir: The First Settlers,1621,2536
32666,Wealth of Nations,1621,1053
185589,Islebound,1618,648
6424,Pick Up Sticks,1615,14324
139771,Star Trek: Attack Wing,1613,838
144041,Patchistory,1613,717
144797,Argent: The Consortium,1613,435
691,Timbuktu,1610,1331
25674,Khronos,1608,1850
38506,Witch of Salem,1607,1445
191189,Aeon's End,1607,347
19948,Rum & Pirates,1605,1802
3072,Necromunda,1604,800
333,Waterworks,1600,13300
148943,Coup: Rebellion G54,1598,841
32484,The Battle for Hill 218,1597,1399
37358,Founding Fathers,1597,935
174570,Legendary Encounters: A Predator Deck Building Game,1596,523
55253,Atlantis,1593,1614
1915,Middle-earth,1591,877
157,Eurorails,1590,990
1197,Blink,1590,3365
7316,Bingo,1590,14341
24509,Ruse & Bruise,1589,1858
37907,Diamonds Club,1589,895
1563,Rise and Decline of the Third Reich,1586,1356
180680,Automobiles,1586,612
23451,Space Dealer,1585,1523
75165,De Vulgari Eloquentia,1583,728
76674,String Railway,1578,1788
170561,Valeria: Card Kingdoms,1575,610
69779,Polis: Fight for the Hegemony,1572,465
135219,The Battle of Five Armies,1570,354
146130,Coin Age,1567,2528
22287,Buccaneer,1566,2042
60131,Ugg-Tect,1566,2016
159473,Quartermaster General,1561,630
655,Castle,1560,2639
67877,Anomia,1560,1487
195421,Near and Far,1560,260
143405,Sylvion,1558,754
164338,The Golden Ages,1558,699
21641,Aquädukt,1557,1791
182189,Treasure Hunter,1557,1219
96713,Deadwood,1554,1804
140863,Council of Verona,1554,1813
24762,Medici vs Strozzi,1552,1629
18098,Napoleon's Triumph,1551,336
112373,BraveRats,1550,1658
150997,Shadows of Brimstone: Swamps of Death,1549,368
161866,Zombicide Season 3: Rue Morgue,1546,553
86246,Drum Roll,1544,1003
3181,Farkle,1543,13382
3421,StreetSoccer,1541,1580
129090,Roll For It!,1539,2519
193621,Joking Hazard,1539,1645
589,Wiz-War,1538,1208
805,Buffy the Vampire Slayer: The Game,1538,1536
2393,Xiangqi,1538,941
137649,Level 7 [Omega Protocol],1538,575
29839,Key Harvest,1537,1205
60579,Poo: The Card Game,1537,6303
79073,Resident Evil Deck Building Game,1535,1841
141423,Dead Men Tell No Tales,1534,883
7804,Dracula,1533,2304
136280,La Boca,1533,980
179172,Unfair,1532,696
1038,Tantrix,1530,2017
175,Raj,1529,1772
1472,Five Crowns,1527,4133
20134,The End of the Triumvirate,1527,1193
125921,Catan: Junior,1519,1402
156091,Sons of Anarchy: Men of Mayhem,1518,710
30367,Perry Rhodan: The Cosmic League,1517,1218
63759,Seeland,1517,1055
85036,20th Century,1517,1078
147116,The Witcher Adventure Game,1515,1929
36811,The Princes of Machu Picchu,1514,1000
151247,Greed,1510,1288
1298,Monopoly: Star Wars,1509,14287
1536,Lord of the Fries,1505,3368
58,Kings & Things,1504,1667
73,Show Manager,1504,975
103649,The City,1504,1592
38545,Kamisado,1503,1024
146418,Warhammer: Diskwars,1501,870
14,Basari,1500,1265
103686,Mundus Novus,1499,1364
1887,Legend of the Five Rings,1498,971
178054,A Study in Emerald (second edition),1497,959
40214,Bombay,1496,1951
827,Attila,1494,1718
20022,Terra Nova,1490,1848
1923,MindTrap,1489,14299
177678,Signorie,1489,585
111799,Cuba Libre,1486,456
19,Wacky Wacky West,1485,2085
287,Bazaar,1485,1700
18745,Sun Tzu,1484,982
8946,Coda,1483,2735
19301,Mesopotamia,1478,1623
9829,Runebound (First Edition),1477,2758
40381,Masters Gallery,1477,1529
117960,Saint Malo,1472,1740
144239,Impulse,1472,1096
201921,Tiny Epic Quest,1472,660
4488,Scarab Lords,1471,2843
176083,Hit Z Road,1469,1227
1107,Nyet!,1466,1199
129351,The Cave,1466,1583
71906,Castaways,1465,949
172381,My Village,1461,917
177590,13 Days: The Cuban Missile Crisis,1460,563
123499,City of Iron,1455,753
5336,Talisman (third edition),1454,2332
814,Aquarius,1452,3300
3141,The Bucket King,1452,2013
38765,Ground Floor,1451,909
71021,Evolution: The Origin of Species,1451,2117
123219,OddVille,1451,1174
176165,Dale of Merchants,1451,789
200680,Agricola (revised edition),1451,269
531,Merchants of Amsterdam,1449,1388
2238,PanzerBlitz,1449,1937
132018,Churchill,1449,493
140717,Progress: Evolution of Technology,1449,1532
153,Take 5!,1447,1886
33468,Zombie in my Pocket,1446,2263
1690,Unexploded Cow,1444,2936
38548,Fast Flowing Forest Fellers,1442,1656
66214,Samarkand: Routes to Riches,1442,1146
111148,Würfel Bohnanza,1442,1462
117942,Zooloretto: The Dice Game,1439,1762
65282,Tanto Cuore,1438,1289
94480,Pantheon,1437,1238
144826,Zombie 15',1436,1114
44,David & Goliath,1434,1784
147253,The Ancient World,1434,871
2476,Industrial Waste,1433,1338
6263,King's Breakfast,1429,2431
17027,Sitting Ducks Gallery,1428,2887
158243,Dragon Slayer,1428,6365
195544,Tides of Madness,1428,992
244,Circus Maximus,1427,1477
11229,Star Wars Miniatures,1427,1390
20080,Aqua Romana,1427,2041
123607,Puzzle Strike (Third Edition),1427,784
5781,"Edel, Stein & Reich",1426,1117
10934,Things...,1426,2985
203420,Exit: The Game – The Abandoned Cabin,1425,446
166226,The Staufer Dynasty,1424,816
69120,Cadwallon: City of Thieves,1422,2184
144189,Fire in the Lake,1420,357
194626,Happy Salmon,1420,1109
63543,Horus Heresy (2010),1418,1008
165986,Royals,1416,832
66424,Dungeon Run,1414,2312
89910,"Run, Fight, or Die!",1414,1082
152237,Pairs,1414,1928
169,En Garde,1413,1760
111,Rheinländer,1410,1561
1155,Capitol,1410,1255
4862,Outburst!,1410,4741
115105,Kittens in a Blender,1408,4905
13301,Caribbean,1407,2366
1822,Wilderness War,1406,527
30618,Eat Poop You Cat,1406,639
71882,Conquest of Planet Earth: The Space Alien Game,1406,1149
420,Rail Baron,1405,1800
568,Rage,1405,2543
3565,Mordheim: City of the Damned,1403,948
20806,Three-Dragon Ante,1403,1913
163413,Murano,1403,781
6779,The Ark of the Covenant,1401,1083
43152,Assyria,1400,1177
181345,Dr. Eureka,1400,1314
144529,Theseus: The Dark Orbit,1399,920
80006,Mord im Arosa,1398,1572
137330,Cube Quest,1398,1216
7480,Sword of Rome,1397,766
54307,Chronicle,1397,1281
154509,Kingsport Festival,1396,1280
130,Iron Dragon,1395,1189
22348,Duplik,1392,1102
193042,Junk Art,1392,605
19764,PÜNCT,1389,1251
140519,Myth,1389,1650
167513,Barony,1388,994
192860,Oceanos,1388,1033
47055,High Frontier,1386,719
6366,Dungeons & Dragons: The Fantasy Adventure Board Game,1385,1997
35505,Walk the Plank!,1383,1571
66588,Wits & Wagers Family,1382,1100
154086,Gold West,1380,665
28723,Before the Wind,1379,1476
29308,Beowulf: The Movie Board Game,1379,2022
40425,Maori,1377,1553
357,Excape,1373,2130
2639,Panzer Leader,1371,1815
34373,Tiki Topple,1369,1900
1597,Streetcar,1368,1832
152470,Fief: France 1429,1368,736
41833,Creationary,1364,3295
53093,Heroes of Normandie,1363,670
95234,Cthulhu Gloom,1363,1975
22278,12 Thieves,1361,1897
207691,Railroad Revolution,1361,646
28025,Wicked Witches Way,1360,1916
38823,Conflict of Heroes: Storms of Steel! – Kursk 1943,1360,526
111105,Agents of SMERSH,1356,998
3720,Subbuteo,1355,1186
21754,Nottingham,1355,2202
158435,Dogs of War,1353,647
27463,Galactic Emperor,1352,1516
191876,Ulm,1351,887
444,Midnight Party,1350,1926
27048,Duel in the Dark,1350,1567
67888,Lords of Scotland,1348,1334
33107,Senji,1345,1731
1501,Masterpiece,1343,11517
58936,Wars of the Roses: Lancaster vs. York,1343,774
148203,Dutch Blitz,1342,1818
135779,A Fake Artist Goes to New York,1341,934
29109,Dust,1340,1859
113636,Edo,1340,958
2266,Gobblet,1337,1710
40770,The Golden City,1337,1526
3972,Catan: Portable Edition,1334,1373
79131,Star Trek: Expeditions,1331,1842
118536,Police Precinct,1329,1105
15045,Risk: Star Wars – The Clone Wars Edition,1328,3464
11634,Mexican Train,1326,10177
181524,Masmorra: Dungeons of Arcadia,1326,965
89409,BattleCON: War of Indines,1324,510
180040,Villages of Valeria,1320,936
110,Auf Achse,1319,2336
1899,13 Dead End Drive,1319,5123
19947,Ark,1319,2191
31133,Ice Flow,1318,1905
141932,The Agents,1318,2027
61692,Axis & Allies Europe 1940,1316,804
83629,The Hobbit,1316,3063
178570,Unusual Suspects,1316,1610
3236,WildLife,1313,1485
133632,Mythotopia,1313,1163
222,Space Beans,1312,2776
31483,Constantinopolis,1312,1197
75476,Inca Empire,1311,993
92044,Dungeons & Dragons: Conquest of Nerath Board Game,1311,1242
98085,Seven Dragons,1310,2423
105593,Cheating Moth,1309,1814
30241,Patrician,1308,1601
171879,Kraftwagen,1306,771
15033,Australia,1305,1769
21464,California,1304,2280
200954,Fields of Green,1304,797
73316,Magnum Sal,1301,1075
118695,Riff Raff,1301,1132
29581,Tomb,1300,2159
118418,Divinare,1299,1395
135649,Tales & Games: The Three Little Pigs,1299,1748
59,Giganten,1297,1374
3522,LCR,1296,14339
85250,The Dwarf King,1295,1725
12681,Neuland,1294,1741
71074,Expedition: Northwest Passage,1294,1031
176544,Automania,1293,731
138233,Ascension: Rise of Vigil,1292,929
4864,Scene It? Movie,1291,12189
96613,Alcatraz: The Scapegoat,1291,1993
191300,Archaeology: The New Expedition,1291,891
41569,The Great Fire of London 1666,1290,1773
3267,Pizarro & Co.,1284,1678
117,Ta Yü,1283,1152
58110,Horse Fever,1283,1113
9,El Caballero,1282,1811
91080,Andean Abyss,1282,675
137095,The Witches: A Discworld Game,1282,3000
75,Falling,1278,12462
235,Blackbeard,1278,2204
80771,Dungeon Raiders,1277,1606
104955,Antike Duellum,1277,940
15953,Wings of War: Burning Drachens,1275,1039
139899,VivaJava: The Coffee Game: The Dice Game,1275,1294
11231,Snorta!,1273,2945
95105,1st & Goal,1273,1570
154182,Helios,1273,1258
156546,Monikers,1271,557
1484,Clue: The Great Museum Caper,1270,1538
40444,Livingstone,1270,1966
2603,The Lord of the Rings Trading Card Game,1269,1417
28181,Combat Commander: Pacific,1268,377
9675,La Strada,1266,2481
91984,Québec,1266,945
24037,Escape from Atlantis,1265,1752
550,Barbarossa,1263,2081
1297,Trivial Pursuit: Star Wars Classic Trilogy Collector's Edition,1263,12086
15600,Kreta,1263,1237
310,Wizard's Quest,1262,2748
119391,Il Vecchio,1262,1153
165722,KLASK,1261,622
3154,Nautilus,1259,2053
122294,Ascension: Immortal Heroes,1257,767
153097,Heroes Wanted,1255,1335
108,TAMSK,1253,1408
200,Entdecker,1253,1854
153999,"...and then, we held hands.",1252,2179
5072,Carrom,1248,1135
41066,Virgin Queen,1247,420
145203,Prosperity,1247,1409
9408,Dos Rios,1245,1898
153507,Terra,1245,1266
35488,The Name of the Rose,1243,1436
27385,Alchemist,1242,2313
40832,Keltis: Das Kartenspiel,1241,1459
2750,Imaginiff,1238,11332
8222,Spank the Monkey,1238,3806
40508,Scrabble Slam!,1238,14233
132028,Conflict of Heroes: Awakening the Bear! (second edition),1238,430
140535,Koryŏ,1236,1421
348,Merchants of the Middle Ages,1234,1393
27940,RattleSnake,1234,3763
25234,Catan Histories: Struggle for Rome,1233,1892
158340,Lost Legacy: Flying Garden,1232,1397
3452,Emerald,1231,2063
2557,Castle Risk,1228,13803
73070,Olympus,1227,1262
138431,Galaxy Defenders,1227,782
122842,Exodus: Proxima Centauri,1226,938
129050,P.I.,1225,1443
229,King of the Elves,1224,2458
847,Feudal,1224,3537
87890,Prêt-à-Porter,1224,924
157001,Trains: Rising Sun,1224,658
32165,Darjeeling,1222,1738
160902,Dungeons & Dragons Dice Masters: Battle for Faerûn,1222,759
2961,Confusion:  Espionage and Deception in the Cold War,1221,996
2808,The Russian Campaign,1220,988
40831,The Pillars of the Earth: Builders Duel,1220,1688
134157,Guilds of London,1220,1097
27,Supremacy,1216,12614
6205,Europe Engulfed,1216,795
142852,DC Comics Deck-Building Game: Heroes Unite,1216,902
24304,Unspeakable Words,1215,2374
1315,Africa,1209,3191
300,Tutankhamen,1208,2800
37734,Cavum,1206,1454
12632,Goldbräu,1204,1988
130882,Cardline: Animals,1204,1687
198525,Lotus,1204,1302
141,Andromeda,1203,2066
142325,Kobayakawa,1203,2089
2290,Ghosts!,1202,2106
76150,Revolver,1202,1268
175293,Trambahn,1199,1091
73863,Grimoire,1197,1944
175640,Vinhos Deluxe Edition,1196,283
293,Bamboleo,1194,2092
22532,Wings of War: The Dawn of World War II,1192,1369
121423,Skyline,1191,3180
55829,Axis & Allies Pacific 1940,1190,960
167270,Medina (second edition),1190,851
3139,Goldland,1189,1552
4610,Lord of the Rings: The Duel,1189,3676
19989,Robber Knights,1189,2727
96260,Dominant Species: The Card Game,1188,3010
1419,Pylos,1187,2364
168788,Rum & Bones,1186,1022
37696,The Stars Are Right,1184,2315
131014,Carcassonne: Winter Edition,1184,755
1552,Illuminati: New World Order,1183,2213
38984,Mow,1183,2599
143157,SOS Titanic,1183,1565
1499,World in Flames,1181,860
36648,Pyramid,1181,1276
197831,Dark Souls: The Board Game,1181,1594
162823,El Gaucho,1180,1325
96007,The New Era,1178,701
39242,Black Friday,1176,1715
19995,Canal Mania,1175,1267
21892,Augsburg 1520,1175,1906
67180,Tikal II: The Lost Temple,1175,1293
833,For the People,1174,666
6281,Eketorp,1174,2131
29456,Infernal Contraption,1173,3868
123239,Wits & Wagers Party,1173,1340
153016,Telestrations: 12 Player Party Pack,1173,568
195162,Plague Inc.: The Board Game,1173,899
433,Shark,1171,1641
10816,Blackjack,1171,14304
124380,Ladies & Gentlemen,1171,1766
146221,Forge War,1171,848
963,The Gardens of the Alhambra,1168,2754
1768,Fireball Island,1168,2250
2288,Blood Bowl (Second Edition),1168,1512
164812,Roll For It! Deluxe Edition,1168,1723
21287,Bison: Thunder on the Prairie,1163,2115
111732,Kings of Air and Steam,1162,1225
176361,One Night Revolution,1162,2427
3655,The Settlers of Canaan,1161,1790
8166,Anno 1503,1160,2323
2065,Shogi,1158,1038
5534,Light Speed,1158,2165
19427,Gemblo,1157,1401
932,Top Race,1156,1468
1265,Mystery Rummy: Jekyll & Hyde,1156,1699
1589,Star Fleet Battles,1156,1584
65673,Masques,1156,1846
173442,Empires: Age of Discovery,1156,475
386,Pirateer,1154,13415
165401,Wir sind das Volk!,1151,529
8207,Dungeoneer: Vault of the Fiends,1150,2388
8522,Ninja Burger,1149,9594
104581,Panic on Wall Street!,1148,1207
154634,Yardmaster,1146,2023
10496,Camelot Legends,1145,3065
205610,A Game of Thrones: Hand of the King,1145,1349
84159,Junta: Viva el Presidente!,1144,2054
163640,Eminent Domain: Microcosm,1144,1720
9202,Saga,1143,4482
128554,Völuspá,1141,1598
93538,Battleship Galaxies,1140,1724
136056,Asante,1139,1221
138649,DC Comics Dice Masters: Justice League,1138,735
19348,Byzantium,1136,1384
127127,The Lord of the Rings: The Fellowship of the Ring Deck-Building Game,1136,1478
168274,Mistfall,1136,1412
12346,Spooky Stairs,1135,2026
187377,Vikings Gone Wild,1135,905
175878,504,1133,1863
164,"Before I Kill You, Mister Spy...",1132,13778
169611,Love Letter: The Hobbit – The Battle of the Five Armies,1132,1085
19419,Euphrates & Tigris: Contest of Kings,1131,3026
24157,Order of the Stick Adventure Game: The Dungeon of Dorukan,1131,4820
205158,Codenames: Deep Undercover,1131,1469
137031,Ancient Terrible Things,1130,1318
8668,Igloo Pop,1129,2379
42898,Pocket Battles: Celts vs. Romans,1129,2007
15157,Amazonas,1128,2244
154259,Province,1127,2095
40531,Cosmic Encounter,1126,2172
160964,Star Wars: Empire vs. Rebellion,1125,2058
31479,Ubongo Extreme,1124,1407
2379,Guesstures,1122,3834
135116,Rent a Hero,1122,2087
191572,Animals on Board,1122,1448
63706,11 nimmt!,1116,2320
84469,Fürstenfeld,1116,1807
207830,5-Minute Dungeon,1116,910
19650,Il Principe,1115,2008
197070,Massive Darkness,1112,854
66849,Safranito,1111,1308
692,Wizard Kings,1110,1635
1604,The Mad Magazine Game,1110,14286
5825,Paris Paris,1110,2607
154301,The Battle at Kemble's Cascade,1109,1406
29687,Leaping Lemmings,1108,1952
12205,In a Pickle,1106,14296
764,Mad Gab,1103,14259
173341,Loopin' Chewie,1100,2031
197443,Fugitive,1099,863
152053,Lagoon: Land of Druids,1098,1965
1662,"Napoleon: The Waterloo Campaign, 1815",1097,951
24935,Anima: Shadow of Omega,1097,4536
68264,No Retreat! The Russian Front,1097,606
4492,Trivial Pursuit: 20th Anniversary Edition,1096,14169
139443,Superfight,1094,3560
30166,"The Good, the Bad, and the Munchkin",1092,2832
166286,Bottom of the 9th,1092,1283
181796,The Prodigals Club,1091,828
8172,Coyote,1088,1776
130877,Blood Bound,1088,1683
165838,Space Hulk (fourth edition),1086,582
177249,The Manhattan Project: Chain Reaction,1086,1734
254,Empires in Arms,1085,896
128898,New Amsterdam,1085,1115
172220,Dungeons & Dragons: Temple of Elemental Evil Board Game,1083,923
392,Brawl,1082,2254
168681,Beyond Baker Street,1082,1150
15954,Conquest of Paradise,1081,1422
173200,Epic Spell Wars of the Battle Wizards: Rumble at Castle Tentakill,1081,1530
46396,Ubongo 3D,1080,1080
195539,The Godfather: Corleone's Empire,1080,682
66510,The Red Dragon Inn 3,1079,1172
25584,If Wishes Were Fishes!,1078,1933
533,Labyrinth: The Card Game,1077,11287
542,Democrazy,1077,12395
172385,Porta Nigra,1077,973
24396,War on Terror,1076,3138
76247,Eaten by Zombies!,1076,3797
296,Medieval Merchant,1075,1527
94104,Omen: A Reign of War,1074,874
131891,Lost Legends,1073,1940
144761,"Going, Going, GONE!",1073,2425
154003,Pagoda,1072,1557
38657,Cities,1071,2069
30,Dark Tower,1070,2037
22245,Times Square,1070,2347
31506,Ziegen Kriegen,1070,2794
118000,Africana,1070,1515
137909,Bugs in the Kitchen,1070,2339
42124,Dungeon Twister 2: Prison,1068,946
423,1856: Railroading in Upper Canada from 1856,1067,799
620,We the People,1067,956
203417,Exit: The Game – The Secret Lab,1067,846
37836,Julius Caesar,1064,667
1491,Outpost,1063,1440
148290,Longhorn,1063,1768
175307,Adventure Time Love Letter,1063,1028
56707,Colonia,1062,1796
160610,Thunderbirds,1062,812
205322,The Oregon Trail Card Game,1061,14301
936,The Fury of Dracula,1060,1442
1962,Tribond,1059,14130
171890,Best Treehouse Ever,1059,1643
1376,Serengeti,1058,2685
126444,The Hobbit Card Game,1058,14083
1442,Victory in the Pacific,1056,1123
142961,Thunderstone Advance: Numenera,1056,868
670,Starship Troopers,1055,2163
1459,Sharp Shooters,1055,2148
118705,Geistesblitz 2.0,1055,1520
158742,Backyard Builders Treehouse,1054,3960
13362,"Warhammer 40,000 (fourth edition)",1053,2340
180564,Carcassonne: Star Wars,1053,1482
109779,Garden Dice,1052,1599
126996,King's Forge,1051,1290
158889,Summoner Wars: Alliances Master Set,1051,439
98242,Star Trek Deck Building Game: The Next Generation,1050,2105
150145,Skull King,1050,1107
8490,Age of Napoleon,1048,1544
180899,Ponzi Scheme,1048,974
10550,Big Boggle,1047,1503
17970,Axis & Allies Miniatures,1046,2222
13286,Gloria Mundi,1045,2973
204836,Escape Room: The Game,1043,931
4553,Attribute,1042,2185
1157,Save Doctor Lucky,1041,4545
8481,Crusader Rex,1041,1122
35572,Strozzi,1041,1574
2456,The Hobbit: The Defeat of Smaug,1040,14274
203430,Fuji Flush,1040,1909
129293,Gauntlet of Fools,1039,3431
193949,Star Trek: Ascendancy,1039,761
25685,Blackbeard,1038,3100
16398,War,1035,14340
22398,10 Days in Asia,1034,1686
26457,Successors (third edition),1034,852
29603,D-Day at Omaha Beach,1032,460
130960,Triumph & Tragedy,1032,426
203416,Exit: The Game – The Pharaoh's Tomb,1032,857
101,Detroit-Cleveland Grand Prix,1031,1545
59753,Priests of Ra,1030,1419
1758,Advanced Heroquest,1028,1891
4209,Monza,1028,1857
65200,Asteroyds,1028,2158
28396,It's Alive!,1027,2443
2535,Valley of the Mammoths,1026,2252
205716,New Angeles,1025,1021
34320,Shanghaien,1024,1839
31552,Wings of War: Deluxe Set,1023,1047
129459,Duel of Ages II,1023,865
109125,Wallenstein (second edition),1022,726
6738,Quicksand,1021,3051
195528,La Granja: No Siesta,1019,1231
941,Turbo Taxi,1018,3210
165948,Mangrovia,1018,1066
7682,Go Fish,1017,14334
2533,Kupferkessel Co.,1016,1355
71676,Back to the Future: The Card Game,1015,4746
124052,Cinque Terre,1015,1217
132544,Tesla vs. Edison: War of Currents,1015,1654
15878,Rummy,1014,5529
34297,The Climbers,1014,1425
3234,Dschunke,1013,1695
146735,Munchkin Adventure Time,1013,2178
31808,GUBS: A Game of Wit and Luck,1012,3734
36739,Black Sheep,1008,3727
19996,Nacht der Magier,1007,1732
163930,Abraca...what?,1007,1803
191051,Outlive,1006,826
1561,Clue Master Detective,1005,1982
37728,Rock the Beat,1005,2325
7929,Dungeons & Dragons Miniatures,1002,2151
31503,Slide 5,1002,1932
128664,Timeline,1002,2079
191894,Imagine,1002,1292
1194,Speed Circuit,1000,1513
29903,Chang Cheng,999,2850
144415,Nauticus,999,1296
980,Al Cabohne,998,3579
143401,Yunnan,998,1166
205597,Jump Drive,997,1190
58798,Cardcassonne,996,2475
427,Grass,995,4224
798,Ace of Aces: Handy Rotary Series,995,1398
192074,Odin's Ravens (second edition),994,1200
35248,Batavia,993,2210
183231,Adventure Land,993,1305
143404,Castellion,992,1261
192934,Colony,992,1677
37165,"Warhammer 40,000 (fifth edition)",991,1758
175223,Valley of the Kings: Afterlife,991,926
76417,Poseidon,990,1234
3728,Ker Plunk,989,14284
118610,Santa Cruz,989,1705
3353,World War II: Barbarossa to Berlin,988,1158
10799,Old Maid,986,14332
75212,Grand Cru,986,1467
128063,Uchronia,986,1883
137776,Praetor,986,1789
174078,Holmes: Sherlock & Mycroft,986,1240
189052,Sea of Clouds,986,1428
223,Expedition,984,1452
133528,City of Remnants,984,1483
177802,Smash Up: It's Your Fault!,983,770
2081,The Civil War,980,840
3632,Too Many Cooks,980,2353
154825,Arkwright,979,620
2633,Dog,978,2257
3886,Nine Men's Morris,978,13830
5767,Mammoth Hunters,978,2929
63740,Hotel Samoa,978,2516
202670,Ticket to Ride: Rails & Sails,978,1007
368,Relationship Tightrope,977,2751
195043,Welcome Back to the Dungeon,977,1336
195856,Bloodborne: The Card Game,976,1366
2818,UNO Attack!,975,13989
23985,Midgard,975,1819
128931,Noblemen,975,1346
180956,One Night Ultimate Vampire,975,1430
